draw_date,n1
2002-05-17,30
2002-05-21,9
2002-05-24,36
2002-05-28,24
2002-05-31,47
2002-06-04,48
2002-06-07,13
2002-06-11,52
2002-06-14,2
2002-06-18,18
2002-06-21,6
2002-06-25,50
2002-06-28,4
2002-07-02,6
2002-07-05,41
2002-07-09,40
2002-07-12,15
2002-07-16,47
2002-07-19,9
2002-07-23,7
2002-07-26,32
2002-07-30,1
2002-08-02,7
2002-08-06,14
2002-08-09,26
2002-08-13,52
2002-08-16,43
2002-08-20,6
2002-08-23,44
2002-08-27,22
2002-08-30,42
2002-09-03,10
2002-09-06,35
2002-09-10,21
2002-09-13,12
2002-09-17,5
2002-09-20,8
2002-09-24,21
2002-09-27,5
2002-10-01,15
2002-10-04,1
2002-10-08,25
2002-10-11,29
2002-10-15,22
2002-10-18,38
2002-10-22,32
2002-10-25,4
2002-10-29,35
2002-11-01,37
2002-11-05,47
2002-11-08,14
2002-11-12,24
2002-11-15,39
2002-11-19,8
2002-11-22,5
2002-11-26,34
2002-11-29,40
2002-12-03,26
2002-12-06,48
2002-12-10,28
2002-12-13,34
2002-12-17,46
2002-12-20,52
2002-12-24,43
2002-12-27,3
2002-12-31,34
2003-01-03,3
2003-01-07,33
2003-01-10,18
2003-01-14,27
2003-01-17,27
2003-01-21,23
2003-01-24,5
2003-01-28,34
2003-01-31,21
2003-02-04,48
2003-02-07,50
2003-02-11,10
2003-02-14,21
2003-02-18,11
2003-02-21,20
2003-02-25,38
2003-02-28,13
2003-03-04,22
2003-03-07,33
2003-03-11,10
2003-03-14,8
2003-03-18,29
2003-03-21,8
2003-03-25,7
2003-03-28,15
2003-04-01,36
2003-04-04,18
2003-04-08,6
2003-04-11,46
2003-04-15,21
2003-04-18,3
2003-04-22,7
2003-04-25,29
2003-04-29,32
2003-05-02,52
2003-05-06,24
2003-05-09,39
2003-05-13,34
2003-05-16,52
2003-05-20,3
2003-05-23,17
2003-05-27,3
2003-05-30,3
2003-06-03,20
2003-06-06,35
2003-06-10,37
2003-06-13,33
2003-06-17,1
2003-06-20,35
2003-06-24,31
2003-06-27,43
2003-07-01,31
2003-07-04,8
2003-07-08,18
2003-07-11,10
2003-07-15,22
2003-07-18,39
2003-07-22,3
2003-07-25,30
2003-07-29,33
2003-08-01,46
2003-08-05,49
2003-08-08,42
2003-08-12,26
2003-08-15,13
2003-08-19,16
2003-08-22,31
2003-08-26,47
2003-08-29,10
2003-09-02,14
2003-09-05,19
2003-09-09,30
2003-09-12,45
2003-09-16,42
2003-09-19,13
2003-09-23,28
2003-09-26,29
2003-09-30,49
2003-10-03,51
2003-10-07,43
2003-10-10,13
2003-10-14,29
2003-10-17,18
2003-10-21,38
2003-10-24,15
2003-10-28,26
2003-10-31,3
2003-11-04,22
2003-11-07,31
2003-11-11,43
2003-11-14,52
2003-11-18,36
2003-11-21,14
2003-11-25,52
2003-11-28,19
2003-12-02,4
2003-12-05,42
2003-12-09,41
2003-12-12,26
2003-12-16,47
2003-12-19,38
2003-12-23,52
2003-12-26,36
2003-12-30,49
2004-01-02,9
2004-01-06,9
2004-01-09,12
2004-01-13,21
2004-01-16,44
2004-01-20,36
2004-01-23,13
2004-01-27,27
2004-01-30,44
2004-02-03,17
2004-02-06,13
2004-02-10,23
2004-02-13,30
2004-02-17,21
2004-02-20,24
2004-02-24,21
2004-02-27,44
2004-03-02,4
2004-03-05,3
2004-03-09,49
2004-03-12,11
2004-03-16,52
2004-03-19,4
2004-03-23,32
2004-03-26,20
2004-03-30,33
2004-04-02,13
2004-04-06,49
2004-04-09,40
2004-04-13,34
2004-04-16,41
2004-04-20,49
2004-04-23,27
2004-04-27,45
2004-04-30,34
2004-05-04,40
2004-05-07,17
2004-05-11,30
2004-05-14,6
2004-05-18,45
2004-05-21,31
2004-05-25,43
2004-05-28,33
2004-06-01,15
2004-06-04,46
2004-06-08,43
2004-06-11,36
2004-06-15,24
2004-06-18,23
2004-06-22,19
2004-06-25,32
2004-06-29,1
2004-07-02,12
2004-07-06,19
2004-07-09,16
2004-07-13,38
2004-07-16,7
2004-07-20,13
2004-07-23,12
2004-07-27,46
2004-07-30,22
2004-08-03,31
2004-08-06,7
2004-08-10,33
2004-08-13,20
2004-08-17,10
2004-08-20,34
2004-08-24,46
2004-08-27,14
2004-08-31,3
2004-09-03,10
2004-09-07,35
2004-09-10,5
2004-09-14,49
2004-09-17,4
2004-09-21,39
2004-09-24,52
2004-09-28,35
2004-10-01,52
2004-10-05,47
2004-10-08,6
2004-10-12,13
2004-10-15,25
2004-10-19,33
2004-10-22,36
2004-10-26,27
2004-10-29,48
2004-11-02,3
2004-11-05,1
2004-11-09,7
2004-11-12,1
2004-11-16,18
2004-11-19,38
2004-11-23,17
2004-11-26,34
2004-11-30,4
2004-12-03,13
2004-12-07,29
2004-12-10,15
2004-12-14,2
2004-12-17,1
2004-12-21,12
2004-12-24,10
2004-12-28,50
2004-12-31,20
2005-01-04,30
2005-01-07,38
2005-01-11,18
2005-01-14,50
2005-01-18,5
2005-01-21,21
2005-01-25,22
2005-01-28,43
2005-02-01,35
2005-02-04,34
2005-02-08,21
2005-02-11,28
2005-02-15,10
2005-02-18,34
2005-02-22,27
2005-02-25,24
2005-03-01,1
2005-03-04,21
2005-03-08,13
2005-03-11,17
2005-03-15,27
2005-03-18,33
2005-03-22,34
2005-03-25,2
2005-03-29,38
2005-04-01,10
2005-04-05,22
2005-04-08,35
2005-04-12,24
2005-04-15,29
2005-04-19,3
2005-04-22,26
2005-04-26,16
2005-04-29,21
2005-05-03,47
2005-05-06,19
2005-05-10,40
2005-05-13,8
2005-05-17,17
2005-05-20,9
2005-05-24,24
2005-05-27,24
2005-05-31,11
2005-06-03,42
2005-06-07,25
2005-06-10,34
2005-06-14,36
2005-06-17,34
2005-06-21,30
2005-06-24,7
2005-06-28,4
2005-07-01,40
2005-07-05,29
2005-07-08,3
2005-07-12,36
2005-07-15,2
2005-07-19,11
2005-07-22,34
2005-07-26,8
2005-07-29,22
2005-08-02,46
2005-08-05,4
2005-08-09,5
2005-08-12,21
2005-08-16,3
2005-08-19,36
2005-08-23,12
2005-08-26,35
2005-08-30,29
2005-09-02,33
2005-09-06,40
2005-09-09,11
2005-09-13,30
2005-09-16,1
2005-09-20,45
2005-09-23,38
2005-09-27,5
2005-09-30,10
2005-10-04,41
2005-10-07,37
2005-10-11,20
2005-10-14,44
2005-10-18,15
2005-10-21,42
2005-10-25,30
2005-10-28,1
2005-11-01,20
2005-11-04,38
2005-11-08,16
2005-11-11,40
2005-11-15,7
2005-11-18,11
2005-11-22,30
2005-11-25,41
2005-11-29,5
2005-12-02,45
2005-12-06,16
2005-12-09,20
2005-12-13,4
2005-12-16,17
2005-12-20,36
2005-12-23,8
2005-12-27,23
2005-12-30,37
2006-01-03,21
2006-01-06,12
2006-01-10,30
2006-01-13,36
2006-01-17,44
2006-01-20,46
2006-01-24,4
2006-01-27,46
2006-01-31,44
2006-02-03,42
2006-02-07,26
2006-02-10,2
2006-02-14,33
2006-02-17,28
2006-02-21,36
2006-02-24,27
2006-02-28,22
2006-03-03,4
2006-03-07,32
2006-03-10,31
2006-03-14,22
2006-03-17,5
2006-03-21,8
2006-03-24,19
2006-03-28,14
2006-03-31,15
2006-04-04,7
2006-04-07,37
2006-04-11,20
2006-04-14,10
2006-04-18,6
2006-04-21,4
2006-04-25,9
2006-04-28,12
2006-05-02,33
2006-05-05,10
2006-05-09,22
2006-05-12,45
2006-05-16,15
2006-05-19,1
2006-05-23,1
2006-05-26,24
2006-05-30,36
2006-06-02,41
2006-06-06,9
2006-06-09,37
2006-06-13,29
2006-06-16,13
2006-06-20,12
2006-06-23,24
2006-06-27,32
2006-06-30,27
2006-07-04,41
2006-07-07,39
2006-07-11,42
2006-07-14,39
2006-07-18,20
2006-07-21,24
2006-07-25,10
2006-07-28,4
2006-08-01,14
2006-08-04,44
2006-08-08,30
2006-08-11,29
2006-08-15,16
2006-08-18,10
2006-08-22,16
2006-08-25,33
2006-08-29,4
2006-09-01,12
2006-09-05,4
2006-09-08,2
2006-09-12,42
2006-09-15,1
2006-09-19,43
2006-09-22,16
2006-09-26,30
2006-09-29,40
2006-10-03,39
2006-10-06,18
2006-10-10,2
2006-10-13,8
2006-10-17,37
2006-10-20,34
2006-10-24,35
2006-10-27,31
2006-10-31,21
2006-11-03,22
2006-11-07,42
2006-11-10,28
2006-11-14,23
2006-11-17,42
2006-11-21,9
2006-11-24,35
2006-11-28,7
2006-12-01,35
2006-12-05,45
2006-12-08,8
2006-12-12,23
2006-12-15,39
2006-12-19,7
2006-12-22,43
2006-12-26,3
2006-12-29,29
2007-01-02,1
2007-01-05,6
2007-01-09,13
2007-01-12,22
2007-01-16,10
2007-01-19,17
2007-01-23,35
2007-01-26,14
2007-01-30,25
2007-02-02,15
2007-02-06,38
2007-02-09,41
2007-02-13,41
2007-02-16,41
2007-02-20,11
2007-02-23,43
2007-02-27,18
2007-03-02,43
2007-03-06,20
2007-03-09,30
2007-03-13,35
2007-03-16,9
2007-03-20,15
2007-03-23,36
2007-03-27,6
2007-03-30,22
2007-04-03,38
2007-04-06,6
2007-04-10,10
2007-04-13,33
2007-04-17,37
2007-04-20,40
2007-04-24,14
2007-04-27,15
2007-05-01,42
2007-05-04,34
2007-05-08,36
2007-05-11,25
2007-05-15,42
2007-05-18,5
2007-05-22,35
2007-05-25,1
2007-05-29,7
2007-06-01,9
2007-06-05,15
2007-06-08,31
2007-06-12,21
2007-06-15,21
2007-06-19,19
2007-06-22,23
2007-06-26,21
2007-06-29,7
2007-07-03,35
2007-07-06,37
2007-07-10,19
2007-07-13,21
2007-07-17,5
2007-07-20,26
2007-07-24,17
2007-07-27,2
2007-07-31,42
2007-08-03,40
2007-08-07,9
2007-08-10,39
2007-08-14,17
2007-08-17,12
2007-08-21,2
2007-08-24,5
2007-08-28,44
2007-08-31,11
2007-09-04,38
2007-09-07,3
2007-09-11,6
2007-09-14,27
2007-09-18,8
2007-09-21,43
2007-09-25,16
2007-09-28,42
2007-10-02,20
2007-10-05,1
2007-10-09,44
2007-10-12,23
2007-10-16,25
2007-10-19,14
2007-10-23,18
2007-10-26,3
2007-10-30,22
2007-11-02,19
2007-11-06,2
2007-11-09,21
2007-11-13,45
2007-11-16,29
2007-11-20,6
2007-11-23,11
2007-11-27,10
2007-11-30,7
2007-12-04,43
2007-12-07,35
2007-12-11,46
2007-12-14,44
2007-12-18,2
2007-12-21,7
2007-12-28,25
2008-01-01,11
2008-01-04,32
2008-01-08,10
2008-01-11,42
2008-01-15,6
2008-01-18,15
2008-01-22,2
2008-01-25,22
2008-01-29,24
2008-02-01,5
2008-02-05,38
2008-02-08,18
2008-02-12,12
2008-02-15,14
2008-02-19,34
2008-02-22,10
2008-02-26,15
2008-02-29,38
2008-03-04,22
2008-03-07,12
2008-03-11,44
2008-03-14,21
2008-03-18,37
2008-03-21,21
2008-03-25,12
2008-03-28,10
2008-04-01,25
2008-04-04,17
2008-04-08,38
2008-04-11,7
2008-04-15,30
2008-04-18,29
2008-04-22,9
2008-04-25,41
2008-04-29,26
2008-05-02,26
2008-05-06,26
2008-05-09,22
2008-05-13,15
2008-05-16,26
2008-05-20,32
2008-05-23,4
2008-05-27,17
2008-05-30,32
2008-06-03,5
2008-06-06,27
2008-06-10,11
2008-06-13,36
2008-06-17,36
2008-06-20,13
2008-06-24,39
2008-06-27,44
2008-07-01,36
2008-07-04,28
2008-07-08,35
2008-07-11,34
2008-07-15,40
2008-07-18,26
2008-07-22,46
2008-07-25,17
2008-07-29,3
2008-08-01,2
2008-08-05,13
2008-08-08,33
2008-08-12,40
2008-08-15,7
2008-08-19,38
2008-08-22,37
2008-08-26,30
2008-08-29,22
2008-09-02,39
2008-09-05,39
2008-09-09,2
2008-09-12,38
2008-09-16,44
2008-09-19,37
2008-09-23,4
2008-09-26,36
2008-09-30,36
2008-10-03,16
2008-10-07,34
2008-10-10,21
2008-10-14,23
2008-10-17,35
2008-10-21,38
2008-10-24,18
2008-10-28,36
2008-10-31,40
2008-11-04,9
2008-11-07,21
2008-11-11,41
2008-11-14,3
2008-11-18,12
2008-11-21,45
2008-11-25,46
2008-11-28,44
2008-12-02,35
2008-12-05,14
2008-12-09,27
2008-12-12,25
2008-12-16,6
2008-12-19,32
2008-12-23,45
2008-12-26,31
2008-12-30,39
2009-01-02,38
2009-01-06,30
2009-01-09,8
2009-01-13,40
2009-01-16,29
2009-01-20,9
2009-01-23,7
2009-01-27,25
2009-01-30,2
2009-02-03,29
2009-02-06,3
2009-02-10,7
2009-02-13,20
2009-02-17,24
2009-02-20,24
2009-02-24,6
2009-02-27,35
2009-03-03,10
2009-03-06,45
2009-03-10,23
2009-03-13,23
2009-03-17,17
2009-03-20,26
2009-03-24,45
2009-03-27,19
2009-03-31,29
2009-04-03,42
2009-04-07,15
2009-04-10,22
2009-04-14,42
2009-04-17,32
2009-04-21,6
2009-04-24,7
2009-04-28,6
2009-05-01,35
2009-05-05,3
2009-05-08,34
2009-05-12,31
2009-05-15,27
2009-05-19,13
2009-05-22,29
2009-05-26,33
2009-05-29,34
2009-06-02,33
2009-06-05,20
2009-06-09,46
2009-06-12,38
2009-06-16,25
2009-06-19,44
2009-06-23,9
2009-06-26,16
2009-06-30,34
2009-07-03,31
2009-07-07,28
2009-07-10,4
2009-07-14,41
2009-07-17,13
2009-07-21,2
2009-07-24,36
2009-07-28,34
2009-07-31,22
2009-08-04,27
2009-08-07,3
2009-08-11,40
2009-08-14,46
2009-08-18,25
2009-08-21,13
2009-08-25,2
2009-08-28,31
2009-09-01,19
2009-09-04,37
2009-09-08,35
2009-09-11,2
2009-09-15,39
2009-09-18,33
2009-09-22,24
2009-09-25,19
2009-09-29,21
2009-10-02,11
2009-10-06,39
2009-10-09,14
2009-10-13,24
2009-10-16,43
2009-10-20,8
2009-10-23,2
2009-10-27,2
2009-10-30,20
2009-11-03,20
2009-11-06,8
2009-11-10,15
2009-11-13,44
2009-11-17,28
2009-11-20,39
2009-11-24,12
2009-11-27,11
2009-12-01,21
2009-12-04,38
2009-12-08,29
2009-12-11,45
2009-12-15,35
2009-12-18,24
2009-12-22,13
2009-12-29,3
2010-01-01,21
2010-01-05,10
2010-01-08,33
2010-01-12,16
2010-01-15,29
2010-01-19,18
2010-01-22,9
2010-01-26,22
2010-01-29,19
2010-02-02,9
2010-02-05,41
2010-02-09,12
2010-02-12,23
2010-02-16,5
2010-02-19,36
2010-02-23,18
2010-02-26,40
2010-03-02,25
2010-03-05,32
2010-03-09,16
2010-03-12,41
2010-03-16,13
2010-03-19,25
2010-03-23,13
2010-03-26,22
2010-03-30,41
2010-04-02,19
2010-04-06,26
2010-04-09,3
2010-04-13,32
2010-04-16,44
2010-04-20,25
2010-04-23,18
2010-04-27,6
2010-04-30,40
2010-05-04,8
2010-05-07,40
2010-05-11,9
2010-05-14,12
2010-05-18,26
2010-05-21,17
2010-05-25,25
2010-05-28,26
2010-06-01,30
2010-06-04,23
2010-06-08,6
2010-06-11,25
2010-06-15,46
2010-06-18,7
2010-06-22,24
2010-06-25,21
2010-06-29,35
2010-07-02,25
2010-07-06,36
2010-07-09,41
2010-07-13,14
2010-07-16,34
2010-07-20,19
2010-07-23,26
2010-07-27,8
2010-07-30,42
2010-08-03,32
2010-08-06,30
2010-08-10,12
2010-08-13,36
2010-08-17,33
2010-08-20,36
2010-08-24,31
2010-08-27,31
2010-08-31,38
2010-09-03,9
2010-09-07,23
2010-09-10,20
2010-09-14,1
2010-09-17,13
2010-09-21,26
2010-09-24,25
2010-09-28,18
2010-10-01,43
2010-10-05,27
2010-10-08,19
2010-10-12,15
2010-10-15,10
2010-10-19,41
2010-10-22,18
2010-10-26,26
2010-10-29,14
2010-11-02,46
2010-11-05,15
2010-11-09,11
2010-11-12,10
2010-11-16,21
2010-11-19,35
2010-11-23,33
2010-11-26,8
2010-11-30,2
2010-12-03,12
2010-12-07,9
2010-12-10,36
2010-12-14,29
2010-12-17,12
2010-12-21,29
2010-12-24,16
2010-12-28,7
2010-12-31,9
2011-01-04,42
2011-01-07,20
2011-01-11,37
2011-01-14,8
2011-01-18,5
2011-01-21,20
2011-01-25,4
2011-01-28,18
2011-02-01,31
2011-02-04,6
2011-02-08,18
2011-02-11,13
2011-02-15,18
2011-02-18,42
2011-02-22,31
2011-02-25,7
2011-03-01,25
2011-03-04,7
2011-03-08,24
2011-03-11,6
2011-03-15,45
2011-03-18,37
2011-03-22,43
2011-03-25,4
2011-03-29,43
2011-04-01,19
2011-04-05,9
2011-04-08,11
2011-04-12,15
2011-04-15,29
2011-04-19,43
2011-04-22,17
2011-04-26,15
2011-04-29,29
2011-05-03,16
2011-05-06,9
2011-05-10,34
2011-05-13,9
2011-05-17,45
2011-05-20,30
2011-05-24,42
2011-05-27,10
2011-05-31,13
2011-06-03,31
2011-06-07,13
2011-06-10,7
2011-06-14,24
2011-06-17,24
2011-06-21,17
2011-06-24,4
2011-06-28,33
2011-07-01,26
2011-07-05,19
2011-07-08,45
2011-07-12,9
2011-07-15,6
2011-07-19,40
2011-07-22,38
2011-07-26,10
2011-07-29,35
2011-08-02,28
2011-08-05,19
2011-08-09,15
2011-08-12,13
2011-08-16,44
2011-08-19,22
2011-08-23,23
2011-08-26,36
2011-08-30,18
2011-09-02,20
2011-09-06,19
2011-09-09,45
2011-09-13,45
2011-09-16,24
2011-09-20,39
2011-09-23,36
2011-09-27,37
2011-09-30,29
2011-10-04,11
2011-10-07,19
2011-10-11,27
2011-10-14,26
2011-10-18,42
2011-10-21,17
2011-10-25,8
2011-10-28,41
2011-11-01,36
2011-11-04,1
2011-11-08,4
2011-11-11,27
2011-11-15,21
2011-11-18,3
2011-11-22,38
2011-11-25,43
2011-11-29,36
2011-12-02,45
2011-12-06,39
2011-12-09,44
2011-12-13,6
2011-12-16,27
2011-12-20,31
2011-12-23,14
2011-12-27,8
2011-12-30,1
2012-01-03,23
2012-01-06,46
2012-01-10,34
2012-01-13,19
2012-01-17,27
2012-01-20,8
2012-01-24,33
2012-01-27,23
2012-01-31,9
2012-02-03,35
2012-02-07,4
2012-02-10,20
2012-02-14,27
2012-02-17,3
2012-02-21,37
2012-02-24,3
2012-02-28,36
2012-03-02,5
2012-03-06,44
2012-03-09,11
2012-03-13,31
2012-03-16,7
2012-03-20,30
2012-03-23,20
2012-03-27,24
2012-03-30,23
2012-04-03,40
2012-04-06,39
2012-04-10,25
2012-04-13,33
2012-04-17,2
2012-04-20,40
2012-04-24,39
2012-04-27,37
2012-05-01,38
2012-05-04,38
2012-05-08,19
2012-05-11,8
2012-05-15,6
2012-05-18,1
2012-05-22,16
2012-05-25,11
2012-05-29,31
2012-06-01,45
2012-06-05,22
2012-06-08,25
2012-06-12,45
2012-06-15,4
2012-06-19,11
2012-06-22,13
2012-06-26,20
2012-06-29,34
2012-07-03,45
2012-07-06,21
2012-07-10,21
2012-07-13,34
2012-07-17,17
2012-07-20,3
2012-07-24,5
2012-07-27,26
2012-07-31,37
2012-08-03,2
2012-08-07,7
2012-08-10,8
2012-08-14,32
2012-08-17,24
2012-08-21,30
2012-08-24,34
2012-08-28,39
2012-08-31,45
2012-09-04,16
2012-09-07,31
2012-09-11,11
2012-09-14,20
2012-09-18,36
2012-09-21,34
2012-09-25,26
2012-09-28,28
2012-10-02,9
2012-10-05,15
2012-10-09,3
2012-10-12,15
2012-10-16,29
2012-10-19,42
2012-10-23,1
2012-10-26,44
2012-10-30,38
2012-11-02,24
2012-11-06,6
2012-11-09,11
2012-11-13,34
2012-11-16,36
2012-11-20,44
2012-11-23,27
2012-11-27,24
2012-11-30,46
2012-12-04,44
2012-12-07,4
2012-12-11,13
2012-12-14,41
2012-12-18,16
2012-12-21,19
2012-12-25,36
2012-12-28,32
2013-01-01,29
2013-01-04,39
2013-01-08,19
2013-01-11,1
2013-01-15,14
2013-01-18,14
2013-01-22,13
2013-01-25,1
2013-01-29,6
2013-02-01,17
2013-02-05,46
2013-02-08,5
2013-02-12,44
2013-02-15,42
2013-02-19,28
2013-02-22,30
2013-02-26,7
2013-03-01,20
2013-03-05,42
2013-03-08,44
2013-03-12,39
2013-03-15,8
2013-03-19,35
2013-03-22,38
2013-03-26,46
2013-03-29,21
2013-04-02,34
2013-04-05,5
2013-04-09,13
2013-04-12,28
2013-04-16,42
2013-04-19,28
2013-04-23,10
2013-04-26,31
2013-04-30,43
2013-05-03,39
2013-05-07,31
2013-05-10,28
2013-05-14,38
2013-05-17,41
2013-05-21,11
2013-05-24,28
2013-05-28,36
2013-05-31,26
2013-06-04,19
2013-06-07,21
2013-06-11,28
2013-06-14,20
2013-06-18,30
2013-06-21,3
2013-06-25,16
2013-06-28,38
2013-07-02,40
2013-07-05,42
2013-07-09,14
2013-07-12,10
2013-07-16,20
2013-07-19,46
2013-07-23,46
2013-07-26,42
2013-07-30,39
2013-08-02,4
2013-08-06,41
2013-08-09,12
2013-08-13,40
2013-08-16,37
2013-08-20,33
2013-08-23,14
2013-08-27,38
2013-08-30,33
2013-09-03,28
2013-09-06,31
2013-09-10,1
2013-09-13,8
2013-09-17,25
2013-09-20,34
2013-09-24,33
2013-09-27,38
2013-10-01,1
2013-10-04,5
2013-10-08,5
2013-10-11,46
2013-10-15,11
2013-10-22,14
2013-10-25,15
2013-10-29,7
2013-11-01,1
2013-11-05,2
2013-11-08,7
2013-11-12,15
2013-11-15,8
2013-11-19,2
2013-11-22,8
2013-11-26,3
2013-11-29,5
2013-12-03,3
2013-12-06,3
2013-12-10,13
2013-12-13,12
2013-12-17,7
2013-12-20,6
2013-12-24,2
2013-12-27,11
2013-12-31,8
2014-01-03,5
2014-01-07,6
2014-01-10,8
2014-01-14,13
2014-01-17,11
2014-01-21,4
2014-01-24,10
2014-01-28,2
2014-01-31,8
2014-02-04,9
2014-02-07,10
2014-02-11,4
2014-02-14,7
2014-02-18,14
2014-02-21,15
2014-02-25,15
2014-02-28,6
2014-03-04,10
2014-03-07,1
2014-03-11,10
2014-03-14,12
2014-03-18,7
2014-03-21,10
2014-03-25,15
2014-03-28,12
2014-04-01,9
2014-04-04,9
2014-04-08,3
2014-04-11,8
2014-04-15,13
2014-04-18,9
2014-04-22,1
2014-04-25,9
2014-04-29,3
2014-05-02,13
2014-05-06,5
2014-05-09,14
2014-05-13,1
2014-05-16,11
2014-05-20,7
2014-05-23,15
2014-05-27,13
2014-05-30,2
2014-06-03,6
2014-06-06,9
2014-06-10,7
2014-06-13,1
2014-06-17,3
2014-06-20,3
2014-06-24,10
2014-06-27,10
2014-07-01,15
2014-07-04,2
2014-07-08,9
2014-07-11,10
2014-07-15,5
2014-07-18,3
2014-07-22,15
2014-07-25,12
2014-07-29,1
2014-08-01,6
2014-08-05,6
2014-08-08,7
2014-08-12,6
2014-08-15,9
2014-08-19,15
2014-08-22,3
2014-08-26,1
2014-08-29,12
2014-09-02,1
2014-09-05,7
2014-09-09,1
2014-09-12,7
2014-09-16,2
2014-09-19,2
2014-09-23,12
2014-09-26,9
2014-09-30,6
2014-10-03,6
2014-10-07,2
2014-10-10,3
2014-10-14,15
2014-10-17,12
2014-10-21,11
2014-10-24,3
2014-10-28,11
2014-10-31,15
2014-11-04,1
2014-11-07,5
2014-11-11,11
2014-11-14,15
2014-11-18,6
2014-11-21,15
2014-11-25,4
2014-11-28,10
2014-12-02,11
2014-12-05,5
2014-12-09,14
2014-12-12,7
2014-12-16,1
2014-12-19,4
2014-12-23,7
2014-12-26,14
2014-12-30,12
2015-01-02,12
2015-01-06,4
2015-01-09,8
2015-01-13,7
2015-01-16,11
2015-01-20,6
2015-01-23,8
2015-01-27,7
2015-01-30,6
2015-02-03,13
2015-02-06,13
2015-02-10,15
2015-02-13,14
2015-02-17,1
2015-02-20,13
2015-02-24,4
2015-02-27,4
2015-03-03,3
2015-03-06,5
2015-03-10,14
2015-03-13,3
2015-03-17,3
2015-03-20,7
2015-03-24,12
2015-03-27,3
2015-03-31,11
2015-04-03,2
2015-04-07,6
2015-04-10,9
2015-04-14,3
2015-04-17,5
2015-04-21,11
2015-04-24,4
2015-04-28,11
2015-05-01,3
2015-05-05,7
2015-05-08,7
2015-05-12,2
2015-05-15,15
2015-05-19,10
2015-05-22,8
2015-05-26,12
2015-05-29,2
2015-06-02,12
2015-06-05,10
2015-06-09,7
2015-06-12,2
2015-06-16,14
2015-06-19,8
2015-06-23,2
2015-06-26,3
2015-06-30,15
2015-07-03,9
2015-07-07,14
2015-07-10,8
2015-07-14,5
2015-07-17,15
2015-07-21,1
2015-07-24,13
2015-07-28,15
2015-07-31,10
2015-08-04,14
2015-08-07,10
2015-08-11,8
2015-08-14,3
2015-08-18,9
2015-08-21,1
2015-08-25,1
2015-08-28,9
2015-09-01,13
2015-09-04,5
2015-09-08,7
2015-09-11,14
2015-09-15,9
2015-09-18,7
2015-09-22,8
2015-09-25,4
2015-09-29,9
2015-10-02,9
2015-10-06,13
2015-10-09,14
2015-10-13,1
2015-10-16,4
2015-10-20,4
2015-10-23,1
2015-10-27,4
2015-10-30,15
2015-11-03,12
2015-11-06,8
2015-11-10,4
2015-11-13,9
2015-11-17,10
2015-11-20,15
2015-11-24,8
2015-11-27,12
2015-12-01,12
2015-12-04,6
2015-12-08,15
2015-12-11,5
2015-12-15,5
2015-12-18,7
2015-12-22,15
2015-12-25,4
2015-12-29,7
2016-01-01,9
2016-01-05,13
2016-01-08,2
2016-01-12,15
2016-01-15,12
2016-01-19,9
2016-01-22,3
2016-01-26,2
2016-01-29,6
2016-02-02,9
2016-02-05,2
2016-02-09,13
2016-02-12,1
2016-02-16,4
2016-02-19,4
2016-02-23,10
2016-02-26,14
2016-03-01,6
2016-03-04,14
2016-03-08,5
2016-03-11,13
2016-03-15,7
2016-03-18,13
2016-03-22,5
2016-03-25,12
2016-03-29,15
2016-04-01,6
2016-04-05,10
2016-04-08,15
2016-04-12,3
2016-04-15,9
2016-04-19,2
2016-04-22,13
2016-04-26,2
2016-04-29,10
2016-05-03,15
2016-05-06,7
2016-05-10,4
2016-05-13,7
2016-05-17,6
2016-05-20,8
2016-05-24,15
2016-05-27,9
2016-05-31,8
2016-06-03,10
2016-06-07,4
2016-06-10,7
2016-06-14,6
2016-06-17,9
2016-06-21,10
2016-06-24,11
2016-06-28,7
2016-07-01,14
2016-07-05,10
2016-07-08,5
2016-07-12,4
2016-07-15,4
2016-07-19,4
2016-07-22,7
2016-07-26,9
2016-07-29,4
2016-08-02,12
2016-08-05,6
2016-08-09,1
2016-08-12,10
2016-08-16,6
2016-08-19,13
2016-08-23,1
2016-08-26,14
2016-08-30,11
2016-09-02,3
2016-09-06,8
2016-09-09,11
2016-09-13,15
2016-09-16,15
2016-09-20,2
2016-09-23,14
2016-09-27,4
2016-09-30,9
2016-10-04,1
2016-10-07,14
2016-10-11,3
2016-10-14,5
2016-10-18,1
2016-10-21,3
2016-10-25,13
2016-10-28,2
2016-11-01,13
2016-11-04,10
2016-11-08,12
2016-11-11,11
2016-11-15,6
2016-11-18,15
2016-11-22,7
2016-11-25,10
2016-11-29,8
2016-12-02,1
2016-12-06,12
2016-12-09,1
2016-12-13,14
2016-12-16,6
2016-12-20,2
2016-12-23,15
2016-12-27,11
2016-12-30,2
2017-01-03,12
2017-01-06,6
2017-01-10,15
2017-01-13,11
2017-01-17,3
2017-01-20,14
2017-01-24,11
2017-01-27,8
2017-01-31,4
2017-02-03,3
2017-02-07,12
2017-02-10,14
2017-02-14,15
2017-02-17,8
2017-02-21,9
2017-02-24,14
2017-02-28,4
2017-03-03,9
2017-03-07,11
2017-03-10,5
2017-03-14,13
2017-03-17,10
2017-03-21,7
2017-03-24,1
2017-03-28,10
2017-03-31,10
2017-04-04,9
2017-04-07,15
2017-04-11,8
2017-04-14,12
2017-04-18,6
2017-04-21,10
2017-04-25,2
2017-04-28,13
2017-05-02,1
2017-05-05,7
2017-05-09,11
2017-05-12,13
2017-05-16,11
2017-05-19,1
2017-05-23,14
2017-05-26,5
2017-05-30,5
2017-06-02,10
2017-06-06,5
2017-06-09,9
2017-06-13,8
2017-06-16,9
2017-06-20,3
2017-06-23,11
2017-06-27,14
2017-06-30,6
2017-07-04,15
2017-07-07,10
2017-07-11,10
2017-07-14,1
2017-07-18,6
2017-07-21,10
2017-07-25,6
2017-07-28,11
2017-08-01,7
2017-08-04,4
2017-08-08,14
2017-08-11,6
2017-08-15,7
2017-08-18,6
2017-08-22,7
2017-08-25,11
2017-08-29,3
2017-09-01,12
2017-09-05,1
2017-09-08,14
2017-09-12,3
2017-09-15,3
2017-09-19,10
2017-09-22,15
2017-09-26,4
2017-09-29,7
2017-10-03,7
2017-10-06,12
2017-10-10,2
2017-10-13,12
2017-10-17,11
2017-10-20,9
2017-10-24,6
2017-10-27,13
2017-10-31,12
2017-11-03,3
2017-11-07,11
2017-11-10,24
2017-11-14,19
2017-11-17,15
2017-11-21,3
2017-11-24,22
2017-11-28,5
2017-12-01,8
2017-12-05,22
2017-12-08,24
2017-12-12,9
2017-12-15,19
2017-12-19,2
2017-12-22,16
2017-12-26,25
2017-12-29,7
2018-01-02,22
2018-01-05,10
2018-01-09,23
2018-01-12,24
2018-01-16,18
2018-01-19,23
2018-01-23,7
2018-01-26,1
2018-01-30,24
2018-02-02,4
2018-02-06,25
2018-02-09,14
2018-02-13,1
2018-02-16,16
2018-02-20,14
2018-02-23,9
2018-02-27,23
2018-03-02,8
2018-03-06,22
2018-03-09,22
2018-03-13,17
2018-03-16,11
2018-03-20,9
2018-03-23,17
2018-03-27,13
2018-03-30,1
2018-04-03,14
2018-04-06,20
2018-04-10,20
2018-04-13,10
2018-04-17,22
2018-04-20,4
2018-04-24,10
2018-04-27,11
2018-05-01,1
2018-05-04,21
2018-05-08,13
2018-05-11,22
2018-05-15,21
2018-05-18,11
2018-05-22,9
2018-05-25,25
2018-05-29,2
2018-06-01,17
2018-06-05,4
2018-06-08,13
2018-06-12,3
2018-06-15,6
2018-06-19,14
2018-06-22,20
2018-06-26,19
2018-06-29,23
2018-07-03,23
2018-07-06,16
2018-07-10,14
2018-07-13,2
2018-07-17,12
2018-07-20,1
2018-07-24,20
2018-07-27,20
2018-07-31,9
2018-08-03,2
2018-08-07,2
2018-08-10,6
2018-08-14,11
2018-08-17,3
2018-08-21,11
2018-08-24,8
2018-08-28,20
2018-08-31,17
2018-09-04,3
2018-09-07,10
2018-09-11,19
2018-09-14,13
2018-09-18,17
2018-09-21,9
2018-09-25,12
2018-09-28,15
2018-10-02,1
2018-10-05,12
2018-10-09,18
2018-10-12,7
2018-10-16,9
2018-10-19,7
2018-10-23,5
2018-10-26,5
2018-10-30,23
2018-11-02,16
2018-11-06,12
2018-11-09,5
2018-11-13,11
2018-11-16,16
2018-11-20,10
2018-11-23,23
2018-11-27,18
2018-11-30,19
2018-12-04,4
2018-12-07,13
2018-12-11,12
2018-12-14,23
2018-12-18,9
2018-12-21,5
2018-12-25,6
2018-12-28,21
2019-01-01,14
2019-01-04,15
2019-01-08,5
2019-01-11,20
2019-01-15,7
2019-01-18,24
2019-01-22,16
2019-01-25,10
2019-01-29,22
2019-02-01,11
2019-02-05,7
2019-02-08,13
2019-02-12,7
2019-02-15,12
2019-02-19,3
2019-02-22,4
2019-02-26,20
2019-03-01,21
2019-03-05,6
2019-03-08,7
2019-03-12,18
2019-03-15,4
2019-03-19,15
2019-03-22,10
2019-03-26,9
2019-03-29,3
2019-04-02,25
2019-04-05,21
2019-04-09,9
2019-04-12,4
2019-04-16,10
2019-04-19,25
2019-04-23,9
2019-04-26,10
2019-04-30,20
2019-05-03,11
2019-05-07,19
2019-05-10,19
2019-05-14,18
2019-05-17,11
2019-05-21,15
2019-05-24,10
2019-05-28,21
2019-05-31,4
2019-06-04,25
2019-06-07,2
2019-06-11,13
2019-06-14,6
2019-06-18,21
2019-06-21,18
2019-06-25,17
2019-06-28,1
2019-07-02,13
2019-07-05,12
2019-07-09,1
2019-07-12,7
2019-07-16,23
2019-07-19,14
2019-07-23,11
2019-07-26,11
2019-07-30,6
2019-08-02,19
2019-08-06,16
2019-08-09,1
2019-08-13,5
2019-08-16,14
2019-08-20,4
2019-08-23,21
2019-08-27,6
2019-08-30,10
2019-09-03,5
2019-09-06,10
2019-09-10,24
2019-09-13,5
2019-09-17,1
2019-09-20,22
2019-09-24,9
2019-09-27,20
2019-10-01,3
2019-10-04,17
2019-10-08,23
2019-10-11,8
2019-10-15,2
2019-10-18,20
2019-10-22,10
2019-10-25,6
2019-10-29,22
2019-11-01,22
2019-11-05,19
2019-11-08,14
2019-11-12,24
2019-11-15,20
2019-11-19,22
2019-11-22,24
2019-11-26,13
2019-11-29,9
2019-12-03,19
2019-12-06,20
2019-12-10,25
2019-12-13,22
2019-12-17,16
2019-12-20,16
2019-12-24,11
2019-12-27,24
2019-12-31,11
2020-01-03,16
2020-01-07,21
2020-01-10,2
2020-01-14,11
2020-01-17,9
2020-01-21,8
2020-01-24,24
2020-01-28,21
2020-01-31,19
2020-02-04,10
2020-02-07,4
2020-02-11,6
2020-02-14,18
2020-02-18,4
2020-02-21,6
2020-02-25,15
2020-02-28,17
2020-03-03,2
2020-03-06,4
2020-03-10,12
2020-03-13,22
2020-03-17,25
2020-03-20,5
2020-03-24,14
2020-03-27,1
2020-03-31,2
2020-04-03,17
2020-04-07,20
2020-04-10,13
2020-04-14,7
2020-04-17,14
2020-04-21,17
2020-04-24,18
2020-04-28,17
2020-05-01,14
2020-05-05,14
2020-05-08,4
2020-05-12,5
2020-05-15,25
2020-05-19,9
2020-05-22,18
2020-05-26,4
2020-05-29,3
2020-06-02,8
2020-06-05,22
2020-06-09,22
2020-06-12,2
2020-06-16,6
2020-06-19,7
2020-06-23,15
2020-06-26,6
2020-06-30,11
2020-07-03,24
2020-07-07,18
2020-07-10,22
2020-07-14,22
2020-07-17,21
2020-07-21,15
2020-07-24,17
2020-07-28,19
2020-07-31,23
2020-08-04,20
2020-08-07,3
2020-08-11,9
2020-08-14,13
2020-08-18,23
2020-08-21,14
2020-08-25,12
2020-08-28,1
2020-09-01,22
2020-09-04,25
2020-09-08,21
2020-09-11,13
2020-09-15,22
2020-09-18,11
2020-09-22,12
2020-09-25,16
2020-09-29,19
2020-10-02,25
2020-10-06,17
2020-10-09,13
2020-10-13,25
2020-10-16,12
2020-10-20,10
2020-10-23,22
2020-10-27,1
2020-10-30,11
2020-11-03,19
2020-11-06,2
2020-11-10,13
2020-11-13,7
2020-11-17,16
2020-11-20,17
2020-11-24,6
2020-11-27,10
2020-12-01,14
2020-12-04,8
2020-12-08,25
2020-12-11,25
2020-12-15,15
2020-12-18,5
2020-12-22,21
2020-12-25,19
2020-12-29,19
2021-01-01,7
2021-01-05,4
2021-01-08,11
2021-01-12,9
2021-01-15,15
2021-01-19,16
2021-01-22,24
2021-01-26,24
2021-01-29,3
2021-02-02,10
2021-02-05,2
2021-02-09,9
2021-02-12,14
2021-02-16,10
2021-02-19,4
2021-02-23,15
2021-02-26,5
2021-03-02,18
2021-03-05,20
2021-03-09,13
2021-03-12,18
2021-03-16,8
2021-03-19,8
2021-03-23,11
2021-03-26,15
2021-03-30,15
2021-04-02,19
2021-04-06,17
2021-04-09,12
2021-04-13,9
2021-04-16,25
2021-04-20,5
2021-04-23,25
2021-04-27,25
2021-04-30,5
2021-05-04,22
2021-05-07,10
2021-05-11,22
2021-05-14,3
2021-05-18,4
2021-05-21,8
2021-05-25,11
2021-05-28,15
2021-06-01,23
2021-06-04,8
2021-06-08,19
2021-06-11,13
2021-06-15,11
2021-06-18,18
2021-06-22,25
2021-06-25,12
2021-06-29,21
2021-07-02,19
2021-07-06,14
2021-07-09,17
2021-07-13,24
2021-07-16,24
2021-07-20,10
2021-07-23,17
2021-07-27,11
2021-07-30,10
2021-08-03,24
2021-08-06,9
2021-08-10,12
2021-08-13,11
2021-08-17,24
2021-08-20,1
2021-08-24,19
2021-08-27,23
2021-08-31,15
2021-09-03,3
2021-09-07,12
2021-09-10,18
2021-09-14,16
2021-09-17,18
2021-09-21,13
2021-09-24,15
2021-09-28,22
2021-10-01,6
2021-10-05,4
2021-10-08,22
2021-10-12,4
2021-10-15,18
2021-10-19,1
2021-10-22,22
2021-10-26,9
2021-10-29,4
2021-11-02,9
2021-11-05,18
2021-11-09,14
2021-11-12,15
2021-11-16,3
2021-11-19,18
2021-11-23,6
2021-11-26,2
2021-11-30,17
2021-12-03,13
2021-12-07,1
2021-12-10,8
2021-12-14,20
2021-12-17,10
2021-12-21,24
2021-12-24,16
2021-12-28,4
2021-12-31,8
2022-01-04,1
2022-01-07,6
2022-01-11,16
2022-01-14,25
2022-01-18,9
2022-01-21,18
2022-01-25,13
2022-01-28,13
2022-02-01,1
2022-02-04,24
2022-02-08,2
2022-02-11,24
2022-02-15,19
2022-02-18,17
2022-02-22,3
2022-02-25,4
2022-03-01,18
2022-03-04,5
2022-03-08,24
2022-03-11,25
2022-03-15,24
2022-03-18,5
2022-03-22,8
2022-03-25,17
2022-03-29,12
2022-04-01,21
2022-04-05,18
2022-04-08,2
2022-04-12,17
2022-04-15,23
2022-04-19,24
2022-04-22,10
2022-04-26,2
2022-04-29,15
2022-05-03,17
2022-05-06,10
2022-05-10,6
2022-05-13,13
2022-05-17,24
2022-05-20,22
2022-05-24,25
2022-05-27,8
2022-05-31,24
2022-06-03,11
2022-06-07,3
2022-06-10,4
2022-06-14,22
2022-06-17,16
2022-06-21,20
2022-06-24,14
2022-06-28,11
2022-07-01,12
2022-07-05,21
2022-07-08,20
2022-07-12,12
2022-07-15,15
2022-07-19,25
2022-07-22,16
2022-07-26,15
2022-07-29,14
2022-08-02,14
2022-08-05,18
2022-08-09,13
2022-08-12,3
2022-08-16,1
2022-08-19,3
2022-08-23,7
2022-08-26,23
2022-08-30,17
2022-09-02,20
2022-09-06,2
2022-09-09,22
2022-09-13,21
2022-09-16,12
2022-09-20,10
2022-09-23,22
2022-09-27,9
2022-09-30,6
2022-10-04,25
2022-10-07,21
2022-10-11,1
2022-10-14,19
2022-10-18,23
2022-10-21,22
2022-10-25,21
2022-10-28,7
2022-11-01,25
2022-11-04,19
2022-11-08,23
2022-11-11,22
2022-11-15,18
2022-11-18,9
2022-11-22,2
2022-11-25,18
2022-11-29,6
2022-12-02,16
2022-12-06,13
2022-12-09,19
2022-12-13,6
2022-12-16,11
2022-12-20,17
2022-12-23,8
2022-12-27,11
2022-12-30,7
2023-01-03,18
2023-01-06,13
2023-01-10,9
2023-01-13,14
2023-01-17,18
2023-01-20,17
2023-01-24,20
2023-01-27,22
2023-01-31,13
2023-02-03,17
2023-02-07,4
2023-02-10,19
2023-02-14,1
2023-02-17,13
2023-02-21,24
2023-02-24,7
2023-02-28,13
2023-03-03,11
2023-03-07,21
2023-03-10,5
2023-03-14,2
2023-03-17,25
2023-03-21,11
2023-03-24,15
2023-03-28,24
2023-03-31,23
2023-04-04,4
2023-04-07,21
2023-04-11,24
2023-04-14,22
2023-04-18,4
2023-04-21,9
2023-04-25,12
2023-04-28,20
2023-05-02,9
2023-05-05,11
2023-05-09,19
2023-05-12,15
2023-05-16,17
2023-05-19,14
2023-05-23,19
2023-05-26,1
2023-05-30,21
2023-06-02,25
2023-06-06,4
2023-06-09,13
2023-06-13,4
2023-06-16,19
2023-06-20,21
2023-06-23,14
2023-06-27,12
2023-06-30,9
2023-07-04,12
2023-07-07,3
2023-07-11,5
2023-07-14,15
2023-07-18,18
2023-07-21,25
2023-07-25,25
2023-07-28,18
2023-08-01,12
2023-08-04,20
2023-08-08,14
2023-08-11,18
2023-08-15,7
2023-08-18,11
2023-08-22,7
2023-08-25,2
2023-08-29,25
2023-09-01,8
2023-09-05,13
2023-09-08,1
2023-09-12,18
2023-09-15,25
2023-09-19,24
2023-09-22,3
2023-09-26,16
2023-09-29,11
2023-10-03,24
2023-10-06,22
2023-10-10,7
2023-10-13,18
2023-10-17,20
2023-10-20,22
2023-10-24,7
2023-10-27,6
2023-10-31,15
2023-11-03,12
2023-11-07,20
2023-11-10,8
2023-11-14,22
2023-11-17,17
2023-11-21,24
2023-11-24,1
2023-11-28,11
2023-12-01,12
2023-12-05,18
2023-12-08,13
2023-12-12,3
2023-12-15,12
2023-12-19,11
2023-12-22,4
2023-12-26,21
2023-12-29,10
2024-01-02,1
2024-01-05,25
2024-01-09,24
2024-01-12,7
2024-01-16,13
2024-01-19,17
2024-01-23,20
2024-01-26,13
2024-01-30,11
2024-02-02,18
2024-02-06,10
2024-02-09,1
2024-02-13,20
2024-02-16,18
2024-02-20,7
2024-02-23,11
2024-02-27,4
2024-03-01,24
2024-03-05,14
2024-03-08,1
2024-03-12,24
2024-03-15,6
2024-03-19,7
2024-03-22,16
2024-03-26,4
2024-03-29,16
2024-04-02,19
2024-04-05,14
2024-04-09,25
2024-04-12,16
2024-04-16,2
2024-04-19,3
2024-04-23,14
2024-04-26,9
2024-04-30,5
2024-05-03,11
2024-05-07,15
2024-05-10,18
2024-05-14,6
2024-05-17,3
2024-05-21,14
2024-05-24,16
2024-05-28,4
2024-05-31,23
2024-06-04,17
2024-06-07,7
2024-06-11,8
2024-06-14,2
2024-06-18,20
2024-06-21,19
2024-06-25,8
2024-06-28,24
2024-07-02,11
2024-07-05,4
2024-07-09,3
2024-07-12,8
2024-07-16,22
2024-07-19,3
2024-07-23,21
2024-07-26,3
2024-07-30,25
2024-08-02,13
2024-08-06,22
2024-08-09,21
2024-08-13,12
2024-08-16,5
2024-08-20,24
2024-08-23,2
2024-08-27,5
2024-08-30,8
2024-09-03,9
2024-09-06,25
2024-09-10,6
2024-09-13,1
2024-09-17,9
2024-09-20,11
2024-09-24,18
2024-09-27,23
2024-10-01,25
2024-10-04,3
2024-10-08,9
2024-10-11,20
2024-10-15,3
2024-10-18,23
2024-10-22,4
2024-10-25,7
2024-10-29,1
2024-11-01,4
2024-11-05,9
2024-11-08,19
2024-11-12,17
2024-11-15,19
2024-11-19,8
2024-11-22,2
2024-11-26,3
2024-11-29,17
2024-12-03,23
2024-12-06,24
2024-12-10,21
2024-12-13,16
2024-12-17,18
2024-12-20,19
2024-12-24,3
2024-12-27,6
2024-12-31,1
2025-01-03,19
2025-01-07,18
2025-01-10,22
2025-01-14,6
2025-01-17,22
2025-01-21,22
2025-01-24,18
2025-01-28,6
2025-01-31,2
2025-02-04,1
2025-02-07,16
2025-02-11,13
2025-02-14,16
2025-02-18,22
2025-02-21,10
2025-02-25,13
2025-02-28,16
2025-03-04,6
2025-03-07,7
2025-03-11,15
2025-03-14,1
2025-03-18,24
2025-03-21,2
2025-03-25,8
2025-03-28,23
2025-04-01,3
2025-04-04,25
2025-04-08,17
2025-04-11,19
2025-04-15,2
2025-04-18,1
2025-04-22,22
2025-04-25,9
2025-04-29,10
2025-05-02,2
2025-05-06,16
2025-05-09,16
2025-05-13,20
2025-05-16,14
2025-05-20,11
2025-05-23,18
2025-05-27,9
2025-05-30,13
2025-06-03,13
2025-06-06,3
2025-06-10,24
2025-06-13,1
2025-06-17,12
2025-06-20,9
2025-06-24,20
2025-06-27,2
2025-07-01,5
2025-07-04,24
2025-07-08,24
2025-07-11,1
2025-07-15,1
2025-07-18,3
2025-07-22,17
2025-07-25,7
2025-07-29,11
2025-08-01,22
2025-08-05,2
2025-08-08,12
2025-08-12,23
2025-08-15,16
2025-08-19,10
2025-08-22,12
2025-08-26,17
2025-08-29,21
2025-09-02,23
2025-09-05,24
2025-09-09,22
2025-09-12,7
2025-09-16,5
2025-09-19,8
2025-09-23,18
2025-09-26,21
2025-09-30,14
2025-10-03,19
2025-10-07,19
2025-10-10,8
2025-10-14,19
2025-10-17,10
2025-10-21,18
2025-10-24,24
2025-10-28,14
2025-10-31,9
2025-11-04,6
2025-11-07,5
2025-11-11,1
2025-11-14,7
2025-11-18,10
2025-11-21,9
2025-11-25,18
2025-11-28,4
2025-12-02,16
2025-12-05,8
2025-12-09,6
2025-12-12,5
2025-12-16,7
2025-12-19,18
2025-12-23,21
2025-12-26,7
2025-12-30,6
2026-01-02,4
2026-01-06,24
2026-01-09,16
2026-01-13,4
2026-01-16,1
2026-01-20,12
2026-01-23,4
2026-01-27,5
2026-01-30,13
2026-02-03,21
2026-02-06,19
2026-02-10,6
2026-02-13,1
2026-02-17,14
2026-02-20,2
2026-02-24,23
2026-02-27,23
2026-03-03,16
2026-03-06,24
2026-03-10,7
2026-03-13,9
2026-03-17,24
2026-03-20,4
2026-03-24,10
2026-03-27,16
2026-03-31,17
2026-04-03,15
2026-04-07,2
2026-04-10,6
2026-04-14,12
2026-04-17,8
2026-04-21,7
2026-04-24,12
2026-04-28,15
2026-05-01,24
2026-05-05,10
2026-05-08,16
2026-05-12,17
2026-05-15,3
2026-05-19,6
2026-05-22,8
2026-05-26,7
2026-05-29,7
2026-06-02,12
2026-06-05,2
2026-06-09,3
2026-06-12,3
2026-06-16,12
2026-06-19,12
2026-06-23,20
2026-06-26,6
2026-06-30,12
2026-07-03,16
2026-07-07,12
2026-07-10,23
2026-07-14,22
2026-07-17,14
