slot,epoch,position
14717431,459919,23
14717567,459923,31
14718048,459939,0
14718272,459946,0
14719201,459975,1
14719311,459978,15
14719712,459991,0
14720353,460011,1
14720867,460027,3
14720894,460027,30
14721176,460036,24
14721509,460047,5
14722016,460063,0
14722400,460075,0
14722656,460083,0
14723025,460094,17
14723190,460099,22
14723586,460112,2
14723658,460114,10
14724000,460125,0
14724224,460132,0
14724302,460134,14
14724631,460144,23
14724672,460146,0
14724992,460156,0
14725173,460161,21
14725280,460165,0
14725349,460167,5
14725824,460182,0
14726411,460200,11
14726550,460204,22
14726768,460211,16
14727989,460249,21
14728096,460253,0
14728165,460255,5
14728682,460271,10
14729009,460281,17
14729277,460289,29
14729568,460299,0
14729822,460306,30
14729995,460312,11
14730278,460321,6
14730489,460327,25
14730656,460333,0
14730784,460337,0
14731232,460351,0
14731616,460363,0
14731724,460366,12
14731735,460366,23
14731824,460369,16
14732514,460391,2
14732800,460400,0
14733520,460422,16
14733685,460427,21
14733686,460427,22
14734056,460439,8
14734067,460439,19
14734208,460444,0
14734214,460444,6
14734260,460445,20
14734555,460454,27
14734808,460462,24
14734848,460464,0
14734912,460466,0
14734914,460466,2
14735216,460475,16
14735221,460475,21
14735350,460479,22
14735864,460495,24
14735936,460498,0
14736084,460502,20
14736246,460507,22
14736273,460508,17
14736939,460529,11
14737635,460551,3
14737760,460555,0
14737813,460556,21
14737920,460560,0
14737983,460561,31
14738076,460564,28
14738294,460571,22
14738553,460579,25
14739120,460597,16
14739558,460611,6
14740256,460633,0
14740785,460649,17
14741216,460663,0
14741855,460682,31
14742037,460688,21
14743700,460740,20
14744449,460764,1
14744790,460774,22
14744865,460777,1
14744928,460779,0
14745086,460783,30
14745184,460787,0
14745370,460792,26
14745458,460795,18
14745661,460801,29
14745687,460802,23
14745881,460808,25
14746763,460836,11
14746880,460840,0
14746912,460841,0
14747422,460856,30
14747476,460858,20
14748288,460884,0
14748488,460890,8
14748608,460894,0
14749011,460906,19
14749024,460907,0
14749044,460907,20
14749194,460912,10
14749283,460915,3
14749312,460916,0
14749403,460918,27
14749561,460923,25
14749888,460934,0
14750289,460946,17
14750465,460952,1
14750912,460966,0
14750937,460966,25
14751008,460969,0
14751509,460984,21
14751872,460996,0
14751904,460997,0
14752231,461007,7
14752695,461021,23
14752942,461029,14
14753120,461035,0
14753316,461041,4
14753376,461043,0
14753802,461056,10
14753915,461059,27
14753928,461060,8
14754400,461075,0
14754496,461078,0
14754497,461078,1
14755514,461109,26
14755744,461117,0
14756241,461132,17
14756895,461152,31
14757141,461160,21
14757403,461168,27
14757546,461173,10
14757908,461184,20
14757918,461184,30
14758331,461197,27
14758400,461200,0
14758503,461203,7
14758567,461205,7
14758610,461206,18
14758717,461209,29
14758763,461211,11
14758781,461211,29
14758803,461212,19
14759015,461219,7
14759040,461220,0
14759072,461221,0
14759105,461222,1
14759713,461241,1
14759773,461242,29
14760181,461255,21
14760495,461265,15
14760512,461266,0
14760571,461267,27
14761155,461286,3
14761312,461291,0
14761497,461296,25
14761729,461304,1
14761765,461305,5
14761841,461307,17
14762608,461331,16
14763077,461346,5
14763830,461369,22
14764192,461381,0
14764305,461384,17
14764362,461386,10
14764992,461406,0
14765321,461416,9
14765408,461419,0
14765696,461428,0
14766136,461441,24
14766144,461442,0
14766683,461458,27
14767040,461470,0
14767385,461480,25
14767729,461491,17
14767820,461494,12
14768032,461501,0
14768115,461503,19
14768393,461512,9
14768608,461519,0
14768902,461528,6
14769127,461535,7
14769150,461535,30
14769152,461536,0
14769175,461536,23
14769298,461540,18
14769522,461547,18
14769523,461547,19
14769759,461554,31
14769920,461560,0
14770324,461572,20
14771200,461600,0
14771442,461607,18
14771473,461608,17
14771939,461623,3
14771964,461623,28
14772324,461635,4
14772832,461651,0
14772960,461655,0
14774095,461690,15
14774483,461702,19
14774527,461703,31
14774716,461709,28
14774848,461714,0
14775232,461726,0
14775370,461730,10
14775635,461738,19
14775721,461741,9
14775884,461746,12
14775948,461748,12
14775956,461748,20
14776709,461772,5
14776738,461773,2
14777271,461789,23
14777728,461804,0
14777904,461809,16
14778368,461824,0
14778455,461826,23
14778592,461831,0
14779407,461856,15
14780025,461875,25
14780064,461877,0
14780170,461880,10
14780437,461888,21
14780640,461895,0
14781024,461907,0
14781280,461915,0
14781319,461916,7
14781631,461925,31
14781856,461933,0
14782565,461955,5
14782572,461955,12
14782890,461965,10
14783055,461970,15
14783626,461988,10
14783899,461996,27
14783944,461998,8
14784277,462008,21
14784288,462009,0
14785153,462036,1
14785290,462040,10
14785292,462040,12
14786144,462067,0
14786464,462077,0
14786844,462088,28
14787923,462122,19
14788135,462129,7
14788224,462132,0
14788322,462135,2
14789020,462156,28
14789247,462163,31
14789298,462165,18
14791092,462221,20
14791338,462229,10
14792007,462250,7
14792106,462253,10
14792320,462260,0
14792609,462269,1
14792864,462277,0
14793025,462282,1
14793306,462290,26
14793407,462293,31
14793470,462295,30
14793621,462300,21
14793988,462312,4
14794765,462336,13
14794861,462339,13
14794935,462341,23
14795735,462366,23
14796428,462388,12
14796539,462391,27
14796768,462399,0
14796848,462401,16
14797653,462426,21
14797840,462432,16
14798048,462439,0
14798336,462448,0
14798432,462451,0
14798464,462452,0
14798755,462461,3
14798816,462463,0
14798880,462465,0
14799290,462477,26
14799456,462483,0
14799648,462489,0
14799683,462490,3
14800047,462501,15
14800382,462511,30
14800480,462515,0
14800732,462522,28
14800928,462529,0
14801066,462533,10
14801367,462542,23
14801423,462544,15
14801443,462545,3
14801478,462546,6
14801667,462552,3
14802272,462571,0
14802560,462580,0
14802768,462586,16
14802856,462589,8
14803422,462606,30
14803535,462610,15
14803728,462616,16
14804032,462626,0
14804133,462629,5
14804821,462650,21
14804992,462656,0
14805118,462659,30
14805265,462664,17
14805732,462679,4
14805847,462682,23
14805952,462686,0
14806456,462701,24
14806701,462709,13
14807328,462729,0
14807501,462734,13
14807579,462736,27
14807838,462744,30
14808064,462752,0
14808399,462762,15
14808412,462762,28
14808416,462763,0
14808834,462776,2
14808935,462779,7
14809278,462789,30
14809591,462799,23
14809593,462799,25
14809696,462803,0
14810491,462827,27
14810528,462829,0
14810624,462832,0
14810929,462841,17
14810944,462842,0
14810948,462842,4
14811269,462852,5
14811580,462861,28
14811634,462863,18
14811674,462864,26
14811968,462874,0
14812055,462876,23
14812224,462882,0
14812256,462883,0
14812672,462896,0
14812981,462905,21
